brand,composition,form,release
Dolo 650,Paracetamol 650mg,tablet,IR
Calpol 500,Paracetamol 500mg,tablet,IR
Calpol 650,Paracetamol 650mg,tablet,IR
Crocin Advance,Paracetamol 500mg,tablet,IR
Crocin 650,Paracetamol 650mg,tablet,IR
Pacimol 650,Paracetamol 650mg,tablet,IR
Brufen 400,Ibuprofen 400mg,tablet,IR
Combiflam,Ibuprofen 400mg + Paracetamol 325mg,tablet,IR
Ibugesic Plus,Ibuprofen 400mg + Paracetamol 325mg,tablet,IR
Zerodol,Aceclofenac 100mg,tablet,IR
Hifenac,Aceclofenac 100mg,tablet,IR
Zerodol-P,Aceclofenac 100mg + Paracetamol 325mg,tablet,IR
Hifenac-P,Aceclofenac 100mg + Paracetamol 325mg,tablet,IR
Voveran SR 100,Diclofenac Sodium 100mg,tablet,SR
Voveran Emulgel,Diclofenac Diethylamine 1.16%,gel,IR
Naprosyn 250,Naproxen 250mg,tablet,IR
Ecosprin 75,Aspirin 75mg,tablet,IR
Ecosprin 150,Aspirin 150mg,tablet,IR
Restyl 0.25,Alprazolam 0.25mg,tablet,IR
Alprax 0.25,Alprazolam 0.25mg,tablet,IR
Alprax 0.5,Alprazolam 0.5mg,tablet,IR
Rivotril 0.5,Clonazepam 0.5mg,tablet,IR
Clonotril 0.5,Clonazepam 0.5mg,tablet,IR
Atarax 25,Hydroxyzine 25mg,tablet,IR
Zolfresh 10,Zolpidem 10mg,tablet,IR
Asthalin Inhaler,Salbutamol 100mcg,inhaler,IR
Montair LC,Montelukast 10mg + Levocetirizine 5mg,tablet,IR
Montek LC,Montelukast 10mg + Levocetirizine 5mg,tablet,IR
Foracort 200 Inhaler,Budesonide 200mcg + Formoterol 6mcg,inhaler,IR
Deriphyllin,Etofylline 77mg + Theophylline 23mg,tablet,IR
Cetzine,Cetirizine 10mg,tablet,IR
Okacet,Cetirizine 10mg,tablet,IR
Levocet 5,Levocetirizine 5mg,tablet,IR
Allegra 120,Fexofenadine 120mg,tablet,IR
Allegra 180,Fexofenadine 180mg,tablet,IR
Mox 500,Amoxicillin 500mg,capsule,IR
Novamox 500,Amoxicillin 500mg,capsule,IR
Augmentin 625 Duo,Amoxicillin 500mg + Clavulanic Acid 125mg,tablet,IR
Azithral 500,Azithromycin 500mg,tablet,IR
Azee 500,Azithromycin 500mg,tablet,IR
Cepodem 200,Cefpodoxime 200mg,tablet,IR
Pan 40,Pantoprazole 40mg,tablet,DR
Pantocid 40,Pantoprazole 40mg,tablet,DR
Razo 20,Rabeprazole 20mg,tablet,DR
Ondem 4,Ondansetron 4mg,tablet,IR
Meftal Spas,Mefenamic Acid 250mg + Dicyclomine 10mg,tablet,IR
Glycomet 500,Metformin 500mg,tablet,IR
Glycomet SR 500,Metformin 500mg,tablet,SR
Amaryl 1,Glimepiride 1mg,tablet,IR
Amlong 5,Amlodipine 5mg,tablet,IR
Amlokind 5,Amlodipine 5mg,tablet,IR
Telma 40,Telmisartan 40mg,tablet,IR
Atorva 10,Atorvastatin 10mg,tablet,IR
Thyronorm 50,Levothyroxine 50mcg,tablet,IR
Eltroxin 50,Levothyroxine 50mcg,tablet,IR
Uprise D3 60K,Cholecalciferol 60000IU,capsule,IR
Shelcal 500,Calcium Carbonate 1250mg + Cholecalciferol 250IU,tablet,IR
